,chain,res_number,dssp_id,aa,ss,rsa,asa,phi,psi
0,A,20,1,G,-,0.9761904761904762,82.0,360.0,-139.0
1,A,21,2,F,-,0.3096446700507614,61.0,-96.5,121.7
2,A,22,3,W,E,0.5594713656387665,127.0,-161.2,171.0
3,A,23,4,L,E,0.042682926829268296,7.000000000000001,-137.2,130.9
4,A,24,5,Q,E,0.6363636363636364,126.0,-113.6,108.4
5,A,25,6,V,E,0.1056338028169014,15.0,-148.9,143.2
6,A,26,7,Q,-,0.43434343434343436,86.0,-54.8,141.4
7,A,27,8,E,S,0.6855670103092784,133.0,-76.9,-27.9
8,A,28,9,S,E,0.49230769230769234,64.0,-136.4,132.0
9,A,29,10,V,E,0.06338028169014084,9.0,-139.2,143.4
10,A,30,11,T,E,0.5985915492957746,85.0,-115.5,132.1
11,A,31,12,V,E,0.04225352112676056,6.0,-138.2,131.9
12,A,32,13,Q,E,0.18686868686868688,37.0,-71.2,139.1
13,A,33,14,E,T,0.19072164948453607,37.0,-46.6,129.1
14,A,34,15,G,T,0.023809523809523808,2.0,95.2,-18.5
15,A,35,16,L,-,0.06707317073170732,11.0,-101.3,-165.0
16,A,36,17,C,-,0.2740740740740741,37.0,-138.3,163.2
17,A,37,18,V,E,0.20422535211267606,29.0,-154.4,143.3
18,A,38,19,L,E,0.6219512195121951,102.0,-109.0,116.0
19,A,39,20,V,E,0.0,0.0,-97.3,107.9
20,A,40,21,P,-,0.5735294117647058,78.0,-65.2,145.3
21,A,41,22,C,E,0.007407407407407408,1.0,-155.5,137.7
22,A,42,23,T,E,0.3873239436619718,55.0,-134.1,138.8
23,A,43,24,F,E,0.0,0.0,-135.8,154.0
24,A,44,25,F,E,0.38071065989847713,75.0,-127.4,152.3
25,A,45,26,H,-,0.11956521739130435,22.0,-152.5,154.5
26,A,46,27,P,-,0.4338235294117647,59.0,-71.1,143.3
27,A,47,28,I,-,0.5502958579881657,93.0,-110.2,92.2
28,A,48,29,P,-,0.19852941176470587,27.0,-67.0,150.9
29,A,49,30,Y,G,0.8378378378378378,186.0,-54.4,-40.7
30,A,50,31,Y,G,0.6531531531531531,145.0,-69.2,-19.7
31,A,51,32,D,G,0.06134969325153374,10.0,-116.1,3.3
32,A,52,33,K,T,0.5560975609756098,114.00000000000001,-49.0,-37.9
33,A,53,34,N,T,0.9363057324840764,147.0,-95.7,2.9
34,A,54,35,S,S,0.25384615384615383,33.0,-83.4,142.2
35,A,55,36,P,P,0.6470588235294118,88.0,-71.7,146.4
36,A,56,37,V,E,0.035211267605633804,5.0,-88.5,121.3
37,A,57,38,H,E,0.21739130434782608,40.0,-100.3,136.0
38,A,58,39,G,E,0.0,0.0,-113.3,150.2
39,A,59,40,Y,E,0.0045045045045045045,1.0,-147.7,138.3
40,A,60,41,W,E,0.0,0.0,-110.0,138.4
41,A,61,42,F,E,0.030456852791878174,6.0,-130.8,149.1
42,A,62,43,R,E,0.3185483870967742,79.0,-61.4,138.9
43,A,63,44,E,T,0.6134020618556701,119.00000000000001,-46.6,133.7
44,A,64,45,G,T,0.75,63.0,89.9,5.2
45,A,65,46,A,-,0.19811320754716982,21.0,-71.7,145.3
46,A,66,47,I,-,0.4378698224852071,74.0,-102.8,120.8
47,A,67,48,I,T,0.39644970414201186,67.0,-50.6,-40.0
48,A,68,49,S,T,0.8615384615384616,112.0,-68.7,-41.5
49,A,69,50,R,T,0.7338709677419355,182.0,-112.3,-38.9
50,A,70,51,D,S,0.3128834355828221,51.00000000000001,-85.6,132.0
51,A,71,52,S,P,0.24615384615384617,32.0,-72.1,149.0
52,A,72,53,P,P,0.007352941176470588,1.0,-71.3,161.9
53,A,73,54,V,S,0.007042253521126761,1.0,-82.0,-23.2
54,A,74,55,A,E,0.02830188679245283,3.0,-156.3,154.0
55,A,75,56,T,E,0.18309859154929578,26.0,-163.8,156.3
56,A,76,57,N,S,0.3375796178343949,53.0,-95.7,-4.6
57,A,77,58,K,S,0.35609756097560974,73.0,-70.1,98.3
58,A,78,59,L,T,0.9085365853658537,149.0,-34.5,127.6
59,A,79,60,D,T,1.0,163.0,59.2,46.1
60,A,80,61,Q,-,0.3282828282828283,65.0,-114.8,125.2
61,A,81,62,E,-,0.8195876288659794,159.0,-55.8,144.3
62,A,82,63,V,-,0.2323943661971831,33.0,-121.7,163.3
63,A,83,64,Q,-,0.3383838383838384,67.0,-49.7,129.4
64,A,84,65,E,T,0.9020618556701031,175.0,-50.2,-44.1
65,A,85,66,E,T,0.3711340206185567,72.0,-64.9,-26.4
66,A,86,67,T,T,0.014084507042253521,2.0,-117.2,-12.7
67,A,87,68,Q,T,0.6262626262626263,124.0,-39.8,129.7
68,A,88,69,G,T,0.7261904761904762,61.0,83.2,-36.2
69,A,89,70,R,T,0.06048387096774194,15.0,-90.2,-37.6
70,A,90,71,F,E,0.050761421319796954,10.0,-97.9,122.4
71,A,91,72,R,E,0.6330645161290323,157.0,-131.9,124.8
72,A,92,73,L,E,0.12195121951219512,20.0,-76.4,97.5
73,A,93,74,L,-,0.573170731707317,93.99999999999999,-86.1,-40.5
74,A,94,75,G,S,0.07142857142857142,6.0,-56.5,145.2
75,A,95,76,D,-,0.3374233128834356,55.0,-83.4,103.5
76,A,96,77,P,G,0.022058823529411766,3.0,-68.5,-9.9
77,A,97,78,S,G,0.5,65.0,-84.1,-1.0
78,A,98,79,R,G,0.7580645161290323,188.0,-125.7,32.6
79,A,99,80,N,T,0.42038216560509556,66.0,70.2,19.3
80,A,100,81,N,B,0.35668789808917195,55.99999999999999,-112.0,119.3
81,A,101,82,C,-,0.0,0.0,-114.3,14.4
82,A,102,83,S,-,0.11538461538461539,15.0,-48.5,131.4
83,A,103,84,L,E,0.0,0.0,-117.0,126.5
84,A,104,85,S,E,0.11538461538461539,15.0,-101.4,125.1
85,A,105,86,I,E,0.0,0.0,-111.1,126.5
86,A,106,87,V,-,0.09154929577464789,13.0,-118.5,158.8
87,A,107,88,D,S,0.08588957055214724,14.0,51.3,50.2
88,A,108,89,A,-,0.009433962264150943,1.0,-57.1,133.1
89,A,109,90,R,-,0.3387096774193548,84.0,-107.3,147.2
90,A,110,91,R,G,0.41935483870967744,104.0,-41.1,-44.7
91,A,111,92,R,G,0.7379032258064516,183.0,-70.4,-13.7
92,A,112,93,D,G,0.0,0.0,-69.0,-15.7
93,A,113,94,N,-,0.4840764331210191,76.0,-53.5,131.8
94,A,114,95,G,E,0.23809523809523808,20.0,140.9,-166.4
95,A,115,96,S,E,0.17692307692307693,23.0,-114.2,146.9
96,A,116,97,Y,E,0.0,0.0,-133.9,145.9
97,A,117,98,F,E,0.08629441624365482,17.0,-119.8,151.2
98,A,118,99,F,E,0.0,0.0,-96.2,145.7
99,A,119,100,R,E,0.10887096774193548,27.0,-134.5,140.6
100,A,120,101,M,E,0.0,0.0,-119.8,147.3
101,A,121,102,E,E,0.13917525773195877,27.0,-132.5,120.7
102,A,122,103,R,E,0.10887096774193548,27.0,-123.1,95.8
103,A,123,104,G,T,0.44047619047619047,37.0,47.2,-115.7
104,A,124,105,S,T,0.5923076923076923,77.0,-80.6,-19.5
105,A,125,106,T,E,0.09859154929577464,13.999999999999998,-84.3,112.4
106,A,126,107,K,E,0.5219512195121951,107.0,-138.9,145.2
107,A,127,108,Y,E,0.4144144144144144,92.0,-164.2,123.4
108,A,128,109,S,E,0.2923076923076923,38.0,-94.3,121.1
109,A,129,110,Y,-,0.018018018018018018,4.0,-79.2,113.4
110,A,130,111,K,-,0.848780487804878,174.0,-72.8,-33.4
111,A,131,112,S,S,0.7538461538461538,98.0,-153.4,144.9
112,A,132,113,P,S,0.18382352941176472,25.0,-71.5,160.1
113,A,133,114,Q,-,0.23232323232323232,46.0,-109.1,152.8
114,A,134,115,L,E,0.0,0.0,-93.2,119.2
115,A,135,116,S,E,0.24615384615384617,32.0,-95.6,116.6
116,A,136,117,V,E,0.007042253521126761,1.0,-96.5,118.6
117,A,137,118,H,E,0.4076086956521739,75.0,-104.3,113.4
118,A,138,119,V,E,0.028169014084507043,4.0,-97.1,114.4
119,A,139,120,T,E,0.352112676056338,50.0,-103.4,170.9
120,A,140,121,D,-,0.656441717791411,107.0,-58.0,143.6
121,A,141,122,L,-,0.1402439024390244,23.000000000000004,-72.8,106.6
122,A,142,123,T,-,0.704225352112676,100.0,-109.7,-15.8
123,A,143,124,H,-,0.42391304347826086,78.0,-59.8,142.8
124,A,144,125,R,-,0.5524193548387096,137.0,-120.3,152.0
125,A,145,126,P,-,0.0,0.0,-63.7,151.2
126,A,146,127,K,E,0.6195121951219512,127.0,-98.6,128.8
127,A,147,128,I,E,0.14201183431952663,24.0,-101.7,109.6
128,A,148,129,L,E,0.6097560975609756,100.0,-91.0,120.6
129,A,149,130,I,-,0.33136094674556216,56.00000000000001,-115.7,95.4
130,A,150,131,P,-,0.47058823529411764,64.0,-77.6,116.2
131,A,151,132,G,S,0.75,63.0,77.2,-158.3
132,A,152,133,T,-,0.6901408450704225,98.0,-104.4,140.5
133,A,153,134,L,B,0.04878048780487805,8.0,-83.7,131.2
134,A,154,135,E,-,0.4536082474226804,88.0,-128.1,142.6
135,A,155,136,P,T,0.33088235294117646,45.0,-60.3,139.1
136,A,156,137,G,T,0.6904761904761905,58.0,72.4,-0.4
137,A,157,138,H,-,0.5597826086956522,103.00000000000001,-103.8,129.3
138,A,158,139,S,-,0.6307692307692307,82.0,-75.6,145.9
139,A,159,140,K,E,0.18536585365853658,38.0,-144.8,140.7
140,A,160,141,N,E,0.5923566878980892,93.0,-91.6,110.8
141,A,161,142,L,E,0.0,0.0,-100.4,136.8
142,A,162,143,T,E,0.2676056338028169,38.0,-115.9,118.7
143,A,163,144,C,E,0.0,0.0,-96.1,122.3
144,A,164,145,S,E,0.2230769230769231,29.0,-129.0,158.1
145,A,165,146,V,-,0.007042253521126761,1.0,-133.4,77.2
146,A,166,147,S,T,0.7615384615384615,99.0,-71.9,-14.3
147,A,167,148,W,T,0.2511013215859031,57.0,-84.7,-0.3
148,A,168,149,A,S,0.10377358490566038,11.0,-93.4,140.1
149,A,169,150,C,-,0.31851851851851853,43.0,-85.9,150.4
150,A,170,151,E,T,0.5670103092783505,110.0,-66.7,-27.2
151,A,171,152,Q,T,0.6818181818181818,135.0,-78.5,-13.7
152,A,172,153,G,S,0.09523809523809523,8.0,-76.2,163.1
153,A,173,154,T,P,0.4154929577464789,59.0,-55.9,121.9
154,A,174,155,P,P,0.27205882352941174,37.0,-56.8,141.5
155,A,175,156,P,P,0.014705882352941176,2.0,-74.7,169.9
156,A,176,157,I,E,0.01775147928994083,3.0,-92.5,128.5
157,A,177,158,F,E,0.0,0.0,-96.1,144.9
158,A,178,159,S,E,0.015384615384615385,2.0,-140.7,122.0
159,A,179,160,W,E,0.0,0.0,-101.6,140.7
160,A,180,161,L,E,0.23170731707317074,38.0,-125.7,114.5
161,A,181,162,S,E,0.007692307692307693,1.0,-141.1,139.9
162,A,182,163,A,S,0.3867924528301887,41.0,-79.8,-16.4
163,A,183,164,A,S,0.03773584905660377,4.0,-76.7,153.2
164,A,184,165,P,S,0.4264705882352941,58.0,-55.4,126.3
165,A,185,166,T,E,0.21830985915492956,30.999999999999996,-151.7,154.2
166,A,186,167,S,E,0.4076923076923077,53.0,-147.5,160.2
167,A,187,168,L,E,0.07317073170731707,12.0,-88.6,131.3
168,A,188,169,G,E,0.09523809523809523,8.0,-96.1,-161.9
169,A,189,170,P,E,0.6911764705882353,94.0,-57.3,141.9
170,A,190,171,R,E,0.012096774193548387,3.0,-104.1,135.5
171,A,191,172,T,E,0.45774647887323944,65.0,-117.9,173.4
172,A,192,173,T,T,0.28169014084507044,40.0,-48.6,-45.7
173,A,193,174,H,T,0.10869565217391304,20.0,-117.2,16.0
174,A,194,175,S,E,0.18461538461538463,24.0,-150.1,158.0
175,A,195,176,S,E,0.0,0.0,-139.8,134.2
176,A,196,177,V,E,0.15492957746478872,22.0,-95.4,137.7
177,A,197,178,L,E,0.0,0.0,-116.1,126.5
178,A,198,179,I,E,0.28994082840236685,49.0,-92.4,113.2
179,A,199,180,I,E,0.0,0.0,-112.4,138.7
180,A,200,181,T,-,0.3380281690140845,48.0,-125.7,82.5
181,A,201,182,P,-,0.0,0.0,-73.4,145.2
182,A,202,183,R,-,0.3790322580645161,94.0,-92.1,161.7
183,A,203,184,P,G,0.6323529411764706,86.0,-55.6,-39.8
184,A,204,185,Q,G,0.6464646464646465,128.0,-68.1,-16.2
185,A,205,186,D,G,0.012269938650306749,2.0,-77.6,-9.1
186,A,206,187,H,T,0.5489130434782609,101.0,-49.4,131.6
187,A,207,188,G,T,0.4880952380952381,41.0,74.4,-3.8
188,A,208,189,T,-,0.2605633802816901,37.0,-72.3,161.3
189,A,209,190,N,E,0.5414012738853503,85.0,-83.3,139.3
190,A,210,191,L,E,0.0,0.0,-126.1,126.2
191,A,211,192,T,E,0.09859154929577464,13.999999999999998,-123.9,135.7
192,A,212,193,C,E,0.0,0.0,-110.7,113.7
193,A,213,194,Q,E,0.10101010101010101,20.0,-101.7,141.2
194,A,214,195,V,E,0.0,0.0,-126.0,124.6
195,A,215,196,K,E,0.07804878048780488,16.0,-109.9,125.9
196,A,216,197,F,-,0.04060913705583756,7.999999999999999,-99.6,176.1
197,A,217,198,A,S,0.330188679245283,35.0,-63.7,138.9
198,A,218,199,G,S,0.42857142857142855,36.0,109.0,168.5
199,A,219,200,A,T,0.9150943396226415,97.0,-75.9,124.7
200,A,220,201,G,T,0.7976190476190477,67.0,56.9,23.1
201,A,221,202,V,-,0.028169014084507043,4.0,-82.7,88.5
202,A,222,203,T,E,0.352112676056338,50.0,-129.1,147.2
203,A,223,204,T,E,0.09154929577464789,13.0,-146.1,159.7
204,A,224,205,E,E,0.4072164948453608,79.0,-154.1,159.5
205,A,225,206,R,E,0.3024193548387097,75.0,-129.1,129.1
206,A,226,207,T,E,0.36619718309859156,52.0,-118.9,137.1
207,A,227,208,I,E,0.23076923076923078,39.0,-132.4,156.3
208,A,228,209,Q,E,0.6111111111111112,121.00000000000001,-90.5,127.7
209,A,229,210,L,-,0.012195121951219513,2.0,-66.5,127.5
210,A,230,211,N,-,0.6878980891719745,108.0,-96.4,86.4
211,A,231,212,V,B,0.07746478873239436,11.0,-94.7,108.4
212,A,232,213,T,-,0.7253521126760564,103.0,-85.3,360.0
213,B,19,215,T,-,1.0,142.0,360.0,-25.1
214,B,20,216,G,-,0.5476190476190477,46.00000000000001,103.1,-7.7
215,B,21,217,F,-,0.2182741116751269,43.0,-82.9,107.6
216,B,22,218,W,E,0.6475770925110133,147.0,-127.5,125.6
217,B,23,219,L,E,0.07317073170731707,12.0,-122.8,130.7
218,B,24,220,Q,E,0.4393939393939394,87.0,-118.1,112.9
219,B,25,221,V,E,0.06338028169014084,9.0,-151.0,140.3
220,B,26,222,Q,-,0.4090909090909091,81.0,-54.6,149.5
221,B,27,223,E,S,0.7010309278350515,136.0,-82.5,-23.7
222,B,28,224,S,E,0.49230769230769234,64.0,-134.7,136.9
223,B,29,225,V,E,0.09859154929577464,13.999999999999998,-143.2,143.5
224,B,30,226,T,E,0.6197183098591549,88.0,-118.4,131.5
225,B,31,227,V,E,0.04929577464788732,6.999999999999999,-140.8,136.2
226,B,32,228,Q,E,0.16666666666666666,33.0,-78.8,139.5
227,B,33,229,E,T,0.10309278350515463,20.0,-49.1,128.5
228,B,34,230,G,T,0.047619047619047616,4.0,93.8,-19.1
229,B,35,231,L,-,0.07926829268292683,13.0,-97.9,-167.5
230,B,36,232,C,-,0.24444444444444444,33.0,-142.5,162.7
231,B,37,233,V,E,0.2535211267605634,36.0,-159.1,138.5
232,B,38,234,L,E,0.6402439024390244,105.0,-105.8,112.9
233,B,39,235,V,E,0.0,0.0,-95.9,111.0
234,B,40,236,P,-,0.5367647058823529,73.0,-69.5,144.7
235,B,41,237,C,E,0.007407407407407408,1.0,-157.6,133.4
236,B,42,238,T,E,0.3380281690140845,48.0,-134.1,144.5
237,B,43,239,F,E,0.0,0.0,-146.3,149.1
238,B,44,240,F,E,0.39593908629441626,78.0,-131.1,153.9
239,B,45,241,H,-,0.11956521739130435,22.0,-145.5,144.9
240,B,46,242,P,-,0.3897058823529412,53.0,-72.7,150.7
241,B,47,243,I,-,0.47928994082840237,81.0,-114.0,91.9
242,B,48,244,P,-,0.2426470588235294,33.0,-69.0,153.0
243,B,49,245,Y,G,0.8963963963963963,199.0,-65.0,-31.7
244,B,50,246,Y,G,0.7792792792792793,173.0,-71.0,-7.7
245,B,51,247,D,G,0.04294478527607362,7.0,-126.5,9.1
246,B,52,248,K,S,0.5317073170731708,109.0,-61.7,-36.3
247,B,53,249,N,S,0.9426751592356688,148.0,-79.4,-31.0
248,B,54,250,S,S,0.27692307692307694,36.0,-63.1,141.8
249,B,55,251,P,P,0.6397058823529411,87.0,-77.9,155.0
250,B,56,252,V,E,0.04929577464788732,6.999999999999999,-94.9,126.7
251,B,57,253,H,E,0.21195652173913043,39.0,-111.6,133.7
252,B,58,254,G,E,0.0,0.0,-106.8,147.2
253,B,59,255,Y,E,0.03153153153153153,6.999999999999999,-143.8,133.6
254,B,60,256,W,E,0.0,0.0,-101.1,132.5
255,B,61,257,F,E,0.030456852791878174,6.0,-121.5,151.6
256,B,62,258,R,E,0.29838709677419356,74.0,-65.1,144.5
257,B,63,259,E,T,0.6288659793814433,122.0,-48.6,135.4
258,B,64,260,G,T,0.7380952380952381,62.0,95.1,-6.7
259,B,65,261,A,-,0.19811320754716982,21.0,-66.2,136.6
260,B,66,262,I,-,0.41420118343195267,70.0,-93.5,111.6
261,B,67,263,I,T,0.3668639053254438,62.0,-53.0,-43.5
262,B,68,264,S,T,0.8384615384615385,109.0,-62.5,-22.5
263,B,69,265,R,T,0.7741935483870968,192.0,-129.0,-41.0
264,B,70,266,D,S,0.39263803680981596,64.0,-94.1,129.8
265,B,71,267,S,P,0.17692307692307693,23.0,-60.6,145.1
266,B,72,268,P,P,0.007352941176470588,1.0,-71.6,154.6
267,B,73,269,V,S,0.007042253521126761,1.0,-73.3,-28.8
268,B,74,270,A,E,0.03773584905660377,4.0,-154.2,148.9
269,B,75,271,T,E,0.19014084507042253,27.0,-162.7,163.1
270,B,76,272,N,S,0.28662420382165604,45.0,-100.2,-1.9
271,B,77,273,K,S,0.424390243902439,87.0,-68.3,114.6
272,B,78,274,L,T,0.926829268292683,152.0,-66.0,137.6
273,B,79,275,D,T,1.0,163.0,49.6,34.2
274,B,80,276,Q,-,0.3686868686868687,73.0,-92.8,129.6
275,B,81,277,E,-,0.7216494845360825,140.0,-60.8,138.3
276,B,82,278,V,-,0.1619718309859155,23.0,-110.6,171.0
277,B,83,279,Q,-,0.16666666666666666,33.0,-59.2,135.1
278,B,84,280,E,T,0.7835051546391752,152.0,-64.2,-36.3
279,B,85,281,E,T,0.3711340206185567,72.0,-75.1,-26.7
280,B,86,282,T,T,0.014084507042253521,2.0,-104.2,-9.9
281,B,87,283,Q,T,0.6212121212121212,123.0,-53.6,136.7
282,B,88,284,G,T,0.6785714285714286,57.0,82.0,-28.7
283,B,89,285,R,T,0.056451612903225805,14.0,-100.2,-33.4
284,B,90,286,F,E,0.03553299492385787,7.000000000000001,-96.8,121.9
285,B,91,287,R,E,0.5685483870967742,141.0,-133.5,134.8
286,B,92,288,L,E,0.1402439024390244,23.000000000000004,-84.0,86.6
287,B,93,289,L,-,0.5792682926829268,95.0,-81.2,-24.1
288,B,94,290,G,S,0.10714285714285714,9.0,-60.4,152.0
289,B,95,291,D,-,0.49693251533742333,81.0,-88.7,102.6
290,B,96,292,P,G,0.007352941176470588,1.0,-72.5,-23.4
291,B,97,293,S,G,0.4,52.0,-68.1,-2.4
292,B,98,294,R,G,0.7741935483870968,192.0,-137.9,37.5
293,B,99,295,N,T,0.4267515923566879,67.0,82.2,1.2
294,B,100,296,N,B,0.36942675159235666,57.99999999999999,-100.2,106.3
295,B,101,297,C,-,0.0,0.0,-102.9,20.7
296,B,102,298,S,-,0.13846153846153847,18.0,-56.4,125.8
297,B,103,299,L,E,0.0,0.0,-106.2,119.1
298,B,104,300,S,E,0.07692307692307693,10.0,-94.7,129.9
299,B,105,301,I,E,0.0,0.0,-115.1,121.0
300,B,106,302,V,-,0.1056338028169014,15.0,-116.8,155.3
301,B,107,303,D,S,0.08588957055214724,14.0,56.9,50.1
302,B,108,304,A,-,0.0,0.0,-57.0,143.6
303,B,109,305,R,-,0.39919354838709675,99.0,-126.2,149.9
304,B,110,306,R,G,0.5080645161290323,126.0,-47.8,-39.9
305,B,111,307,R,G,0.7379032258064516,183.0,-75.4,-9.4
306,B,112,308,D,G,0.018404907975460124,3.0,-74.8,-15.6
307,B,113,309,N,-,0.5414012738853503,85.0,-53.1,123.4
308,B,114,310,G,E,0.2857142857142857,24.0,151.7,-168.8
309,B,115,311,S,E,0.23846153846153847,31.0,-107.2,145.4
310,B,116,312,Y,E,0.013513513513513514,3.0,-132.0,142.6
311,B,117,313,F,E,0.1065989847715736,21.0,-120.5,152.6
312,B,118,314,F,E,0.0,0.0,-99.6,142.8
313,B,119,315,R,E,0.12903225806451613,32.0,-134.1,142.3
314,B,120,316,M,E,0.0,0.0,-119.5,150.3
315,B,121,317,E,E,0.18556701030927836,36.0,-139.7,127.8
316,B,122,318,R,E,0.14112903225806453,35.0,-129.7,92.1
317,B,123,319,G,T,0.39285714285714285,33.0,54.2,-117.5
318,B,124,320,S,T,0.6307692307692307,82.0,-85.9,-6.8
319,B,125,321,T,E,0.09154929577464789,13.0,-88.9,110.0
320,B,126,322,K,E,0.5073170731707317,104.0,-136.0,144.4
321,B,127,323,Y,E,0.36036036036036034,80.0,-161.0,120.9
322,B,128,324,S,E,0.3153846153846154,41.0,-91.4,121.8
323,B,129,325,Y,-,0.02252252252252252,5.0,-83.1,109.1
324,B,130,326,K,-,0.8536585365853658,175.0,-62.7,-33.9
325,B,131,327,S,S,0.6461538461538462,84.0,-152.1,144.4
326,B,132,328,P,S,0.18382352941176472,25.0,-74.5,159.1
327,B,133,329,Q,-,0.26262626262626265,52.00000000000001,-107.7,157.1
328,B,134,330,L,E,0.0,0.0,-96.7,114.7
329,B,135,331,S,E,0.26153846153846155,34.0,-85.7,116.7
330,B,136,332,V,E,0.007042253521126761,1.0,-99.2,118.6
331,B,137,333,H,E,0.41304347826086957,76.0,-103.9,109.4
332,B,138,334,V,E,0.11971830985915492,17.0,-96.7,117.2
333,B,139,335,T,E,0.39436619718309857,55.99999999999999,-104.7,163.3
334,B,140,336,D,-,0.5705521472392638,93.0,-49.1,143.1
335,B,141,337,L,-,0.14634146341463414,24.0,-69.5,112.8
336,B,142,338,T,-,0.7112676056338029,101.00000000000001,-108.8,-11.0
337,B,143,339,H,-,0.3967391304347826,73.0,-68.2,136.9
338,B,144,340,R,-,0.5887096774193549,146.0,-120.5,160.2
339,B,145,341,P,-,0.007352941176470588,1.0,-69.3,154.9
340,B,146,342,K,E,0.7024390243902439,144.0,-111.9,141.8
341,B,147,343,I,E,0.1301775147928994,22.0,-108.4,120.2
342,B,148,344,L,E,0.4573170731707317,75.0,-97.0,123.9
343,B,149,345,I,-,0.3609467455621302,61.0,-111.7,99.5
344,B,150,346,P,-,0.4632352941176471,63.0,-81.5,98.6
345,B,151,347,G,S,0.6309523809523809,53.0,88.0,174.9
346,B,152,348,T,-,0.6056338028169014,86.0,-72.8,148.3
347,B,153,349,L,B,0.042682926829268296,7.000000000000001,-87.3,114.6
348,B,154,350,E,-,0.3917525773195876,76.0,-106.9,140.4
349,B,155,351,P,T,0.35294117647058826,48.0,-56.2,132.7
350,B,156,352,G,T,0.7142857142857143,60.0,79.0,0.9
351,B,157,353,H,-,0.6086956521739131,112.0,-102.5,128.1
352,B,158,354,S,-,0.6,78.0,-68.1,150.9
353,B,159,355,K,E,0.18048780487804877,37.0,-146.6,142.4
354,B,160,356,N,E,0.5796178343949044,91.0,-86.5,113.4
355,B,161,357,L,E,0.0,0.0,-95.6,134.0
356,B,162,358,T,E,0.24647887323943662,35.0,-115.2,117.0
357,B,163,359,C,E,0.0,0.0,-94.5,130.3
358,B,164,360,S,E,0.13076923076923078,17.0,-142.4,154.8
359,B,165,361,V,-,0.0,0.0,-134.7,74.9
360,B,166,362,S,T,0.6,78.0,-60.5,-35.3
361,B,167,363,W,T,0.2555066079295154,58.0,-71.1,-5.6
362,B,168,364,A,S,0.08490566037735849,9.0,-70.4,155.0
363,B,169,365,C,-,0.15555555555555556,21.0,-79.8,134.2
364,B,170,366,E,S,0.6701030927835051,130.0,-59.6,-38.9
365,B,171,367,Q,S,0.5808080808080808,115.0,-88.8,179.6
366,B,172,368,G,S,0.36904761904761907,31.0,68.5,-165.7
367,B,173,369,T,S,0.4225352112676056,60.0,-77.2,119.9
368,B,174,370,P,P,0.49264705882352944,67.0,-58.0,148.3
369,B,175,371,P,P,0.022058823529411766,3.0,-69.4,163.4
370,B,176,372,I,E,0.04142011834319527,7.000000000000001,-116.5,141.4
371,B,177,373,F,E,0.0,0.0,-119.6,142.2
372,B,178,374,S,E,0.0,0.0,-140.9,144.0
373,B,179,375,W,E,0.0,0.0,-129.3,154.5
374,B,180,376,L,E,0.018292682926829267,3.0,-144.3,134.3
375,B,181,377,S,E,0.007692307692307693,1.0,-157.7,150.2
376,B,182,378,A,S,0.09433962264150944,10.0,-90.4,-15.6
377,B,183,379,A,S,0.0,0.0,-87.3,147.6
378,B,184,380,P,-,0.3088235294117647,42.0,-56.6,130.4
379,B,185,381,T,E,0.14084507042253522,20.0,-140.5,164.2
380,B,186,382,S,E,0.4076923076923077,53.0,-139.1,156.2
381,B,187,383,L,E,0.08536585365853659,14.000000000000002,-86.4,128.9
382,B,188,384,G,E,0.07142857142857142,6.0,-89.8,-162.6
383,B,189,385,P,E,0.6764705882352942,92.0,-73.1,158.0
384,B,190,386,R,E,0.2701612903225806,67.0,-118.7,159.5
385,B,191,387,T,E,0.5704225352112676,81.0,-116.0,-175.0
386,B,192,388,T,T,0.3591549295774648,51.0,-55.0,-46.8
387,B,193,389,H,T,0.19021739130434784,35.0,-104.9,10.9
388,B,194,390,S,E,0.14615384615384616,19.0,-151.9,152.8
389,B,195,391,S,E,0.0,0.0,-134.8,137.4
390,B,196,392,V,E,0.14084507042253522,20.0,-104.7,133.3
391,B,197,393,L,E,0.0,0.0,-115.0,125.1
392,B,198,394,I,E,0.27218934911242604,46.0,-93.3,119.3
393,B,199,395,I,E,0.0,0.0,-114.5,136.0
394,B,200,396,T,-,0.31690140845070425,45.0,-120.9,88.3
395,B,201,397,P,-,0.0,0.0,-79.6,154.5
396,B,202,398,R,-,0.3346774193548387,83.0,-114.6,167.0
397,B,203,399,P,G,0.6470588235294118,88.0,-54.4,-40.2
398,B,204,400,Q,G,0.6868686868686869,136.0,-62.6,-16.8
399,B,205,401,D,G,0.024539877300613498,4.0,-89.2,-6.9
400,B,206,402,H,T,0.5652173913043478,103.99999999999999,-57.0,127.3
401,B,207,403,G,T,0.47619047619047616,40.0,82.9,-1.0
402,B,208,404,T,-,0.24647887323943662,35.0,-74.8,151.3
403,B,209,405,N,E,0.4968152866242038,78.0,-72.4,140.5
404,B,210,406,L,E,0.0,0.0,-126.3,133.6
405,B,211,407,T,E,0.04225352112676056,6.0,-125.3,136.9
406,B,212,408,C,E,0.0,0.0,-115.9,115.8
407,B,213,409,Q,E,0.04040404040404041,8.0,-107.5,131.9
408,B,214,410,V,E,0.0,0.0,-126.5,123.2
409,B,215,411,K,E,0.1902439024390244,39.0,-111.8,131.5
410,B,216,412,F,E,0.030456852791878174,6.0,-101.7,93.2
411,B,217,413,A,T,0.42452830188679247,45.0,-70.1,-25.4
412,B,218,414,G,T,0.047619047619047616,4.0,-54.2,-28.6
413,B,219,415,A,T,0.1792452830188679,19.0,-129.0,-4.4
414,B,220,416,G,T,0.6190476190476191,52.0,65.5,34.9
415,B,221,417,V,E,0.1619718309859155,23.0,-109.7,146.2
416,B,222,418,T,E,0.4295774647887324,61.0,-130.2,131.1
417,B,223,419,T,E,0.11267605633802817,16.0,-123.0,163.4
418,B,224,420,E,E,0.41237113402061853,80.0,-158.9,156.7
419,B,225,421,R,E,0.3629032258064516,90.0,-135.9,126.7
420,B,226,422,T,E,0.3028169014084507,43.0,-117.1,131.8
421,B,227,423,I,E,0.23076923076923078,39.0,-125.4,164.3
422,B,228,424,Q,E,0.5252525252525253,104.00000000000001,-100.2,131.8
423,B,229,425,L,-,0.0,0.0,-74.6,131.5
424,B,230,426,N,-,0.6815286624203821,107.0,-112.6,115.2
425,B,231,427,V,B,0.09859154929577464,13.999999999999998,-105.1,128.0
426,B,232,428,T,-,0.7605633802816901,108.0,-76.2,360.0
